PMID,Title,Authors,Citation,First Author,Journal/Book,Publication Year,Create Date,PMCID,NIHMS ID,DOI
"38704465","Artificial intelligence in digital pathology: a systematic review and meta-analysis of diagnostic test accuracy","McGenity C, Clarke EL, Jennings C, Matthews G, Cartlidge C, Freduah-Agyemang H, Stocken DD, Treanor D.","NPJ Digit Med. 2024 May 4;7(1):114. doi: 10.1038/s41746-024-01106-8.","McGenity C","NPJ Digit Med","2024","2024/05/04","PMC11069583","","10.1038/s41746-024-01106-8"
"35302538","Diagnostic Accuracy of Artificial Intelligence in Glaucoma Screening and Clinical Practice","Chaurasia AK, Greatbatch CJ, Hewitt AW.","J Glaucoma. 2022 May 1;31(5):285-299. doi: 10.1097/IJG.0000000000002015. Epub 2022 Mar 18.","Chaurasia AK","J Glaucoma","2022","2022/03/18","","","10.1097/IJG.0000000000002015"
"37261453","Systematic Review of Artificial Intelligence for Abnormality Detection in High-volume Neuroimaging and Subgroup Meta-analysis for Intracranial Hemorrhage Detection","Agarwal S, Wood D, Grzeda M, Suresh C, Din M, Cole J, Modat M, Booth TC.","Clin Neuroradiol. 2023 Dec;33(4):943-956. doi: 10.1007/s00062-023-01291-1. Epub 2023 Jun 1.","Agarwal S","Clin Neuroradiol","2023","2023/06/01","PMC10233528","","10.1007/s00062-023-01291-1"
"35641139","Automated medical literature screening using artificial intelligence: a systematic review and meta-analysis","Feng Y, Liang S, Zhang Y, Chen S, Wang Q, Huang T, Sun F, Liu X, Zhu H, Pan H.","J Am Med Inform Assoc. 2022 Jul 12;29(8):1425-1432. doi: 10.1093/jamia/ocac066.","Feng Y","J Am Med Inform Assoc","2022","2022/05/31","PMC9277646","","10.1093/jamia/ocac066"
"36375834","Detection of cerebral aneurysms using artificial intelligence: a systematic review and meta-analysis","Din M, Agarwal S, Grzeda M, Wood DA, Modat M, Booth TC.","J Neurointerv Surg. 2023 Mar;15(3):262-271. doi: 10.1136/jnis-2022-019456. Epub 2022 Nov 14.","Din M","J Neurointerv Surg","2023","2022/11/14","PMC9985742","","10.1136/jnis-2022-019456"
"36869194","Bayesian Statistics for Medical Devices: Progress Since 2010","Campbell G, Irony T, Pennello G, Thompson L.","Ther Innov Regul Sci. 2023 May;57(3):453-463. doi: 10.1007/s43441-022-00495-w. Epub 2023 Mar 3.","Campbell G","Ther Innov Regul Sci","2023","2023/03/03","PMC9984131","","10.1007/s43441-022-00495-w"
"41364797","Artificial Intelligence-Enabled Imaging for Predicting Preoperative Extraprostatic Extension in Prostate Cancer: Systematic Review and Meta-Analysis","Zhang X, Qi Y, Wang X, Chen H, Li J.","J Med Internet Res. 2025 Dec 9;27:e80981. doi: 10.2196/80981.","Zhang X","J Med Internet Res","2025","2025/12/09","PMC12688051","","10.2196/80981"
"41398240","Deep-learning-based non-contrast CT for detecting acute ischemic stroke: a systematic review and HSROC meta-analysis of patient-level diagnostic accuracy","Gete KY, Ayele AA.","BMC Neurol. 2025 Dec 15;25(1):507. doi: 10.1186/s12883-025-04528-3.","Gete KY","BMC Neurol","2025","2025/12/15","PMC12706894","","10.1186/s12883-025-04528-3"
"37925910","Diagnostic Test Accuracy of artificial intelligence-assisted detection of acute coronary syndrome: A systematic review and meta-analysis","Chan PZ, Ramli MAIB, Chew HSJ.","Comput Biol Med. 2023 Dec;167:107636. doi: 10.1016/j.compbiomed.2023.107636. Epub 2023 Oct 25.","Chan PZ","Comput Biol Med","2023","2023/11/05","","","10.1016/j.compbiomed.2023.107636"
"37805002","Diagnostic accuracy of smartphone-based artificial intelligence systems for detecting diabetic retinopathy: A systematic review and meta-analysis","Hasan SU, Siddiqui MAR.","Diabetes Res Clin Pract. 2023 Nov;205:110943. doi: 10.1016/j.diabres.2023.110943. Epub 2023 Oct 5.","Hasan SU","Diabetes Res Clin Pract","2023","2023/10/07","","","10.1016/j.diabres.2023.110943"
"38097728","Artificial intelligence for X-ray scaphoid fracture detection: a systematic review and diagnostic test accuracy meta-analysis","Kraus M, Anteby R, Konen E, Eshed I, Klang E.","Eur Radiol. 2024 Jul;34(7):4341-4351. doi: 10.1007/s00330-023-10473-x. Epub 2023 Dec 15.","Kraus M","Eur Radiol","2024","2023/12/14","PMC11213739","","10.1007/s00330-023-10473-x"
"38049809","Diagnostic test accuracy of machine learning algorithms for the detection intracranial hemorrhage: a systematic review and meta-analysis study","Maghami M, Sattari SA, Tahmasbi M, Panahi P, Mozafari J, Shirbandi K.","Biomed Eng Online. 2023 Dec 4;22(1):114. doi: 10.1186/s12938-023-01172-1.","Maghami M","Biomed Eng Online","2023","2023/12/04","PMC10694901","","10.1186/s12938-023-01172-1"
"41052568","Diagnostic Accuracy of EyeArt for Fundus-Based Detection of Diabetic Retinopathy: A Systematic Review and Meta-analysis","Wang TW, Luo WT, Tu YK, Chou YB, Wu YT.","Am J Ophthalmol. 2026 Jan;281:465-479. doi: 10.1016/j.ajo.2025.09.045. Epub 2025 Oct 4.","Wang TW","Am J Ophthalmol","2026","2025/10/06","","","10.1016/j.ajo.2025.09.045"
"41092753","The diagnostic accuracy of artificial intelligence models in detecting lymph node metastases in lung cancer using endobronchial ultrasound (EBUS) images: A bivariate meta-analysis","Ohannesian VA, Falcão L, Ishizuka BM, Menezes IR, Han ML, Suruagy-Motta RFO, Maximiano MLB, Cordeiro DMH, Baptista JM, Mariussi M, Taneja AK, Francisco Neto MJ, Garcia RG, Jacomelli M.","Clin Imaging. 2025 Dec;128:110633. doi: 10.1016/j.clinimag.2025.110633. Epub 2025 Oct 8.","Ohannesian VA","Clin Imaging","2025","2025/10/15","","","10.1016/j.clinimag.2025.110633"
"41597160","Artificial Intelligence in Pediatric Dentistry: A Systematic Review and Meta-Analysis","Karamüftüoğlu N, Üçpunar BY, Birben İ, Altundağ AE, Mullaoğlu KÖ, Bal C.","Children (Basel). 2026 Jan 21;13(1):152. doi: 10.3390/children13010152.","Karamüftüoğlu N","Children (Basel)","2026","2026/01/28","PMC12839933","","10.3390/children13010152"
"33398560","Deep learning visual analysis in laparoscopic surgery: a systematic review and diagnostic test accuracy meta-analysis","Anteby R, Horesh N, Soffer S, Zager Y, Barash Y, Amiel I, Rosin D, Gutman M, Klang E.","Surg Endosc. 2021 Apr;35(4):1521-1533. doi: 10.1007/s00464-020-08168-1. Epub 2021 Jan 4.","Anteby R","Surg Endosc","2021","2021/01/05","","","10.1007/s00464-020-08168-1"
"39167230","Diagnostic accuracy of chest X-ray and CT using artificial intelligence for osteoporosis: systematic review and meta-analysis","Yamamoto N, Shiroshita A, Kimura R, Kamo T, Ogihara H, Tsuge T.","J Bone Miner Metab. 2024 Sep;42(5):483-491. doi: 10.1007/s00774-024-01532-4. Epub 2024 Aug 21.","Yamamoto N","J Bone Miner Metab","2024","2024/08/21","","","10.1007/s00774-024-01532-4"
"40737956","Radiomics, machine learning, and deep learning for hippocampal sclerosis identification: a systematic review and diagnostic meta-analysis","Baptista JM, Brenner LBO, Koga JV, Ohannesian VA, Ito LA, Nabarro PH, Santos LP, Henrique A, de Oliveira Almeida G, Berbet LU, Paranhos T, Nespoli V, Bertani R.","Epilepsy Behav. 2025 Oct;171:110624. doi: 10.1016/j.yebeh.2025.110624. Epub 2025 Jul 29.","Baptista JM","Epilepsy Behav","2025","2025/07/30","","","10.1016/j.yebeh.2025.110624"
"40314789","Accuracy of Low-Dose Chest CT-Based Artificial Intelligence Models in Osteoporosis Detection: A Systematic Review and Meta-analysis","Ya'nan H, Jianfeng Z, Wei T, Jianfeng Y, Zhenhua Z.","Calcif Tissue Int. 2025 May 2;116(1):67. doi: 10.1007/s00223-025-01377-7.","Ya'nan H","Calcif Tissue Int","2025","2025/05/02","","","10.1007/s00223-025-01377-7"
"40094016","Imaging based artificial intelligence for predicting lymph node metastasis in cervical cancer patients: a systematic review and meta-analysis","Jiang CQ, Li XJ, Zhou ZY, Xin Q, Yu L.","Front Oncol. 2025 Feb 28;15:1532698. doi: 10.3389/fonc.2025.1532698. eCollection 2025.","Jiang CQ","Front Oncol","2025","2025/03/17","PMC11906327","","10.3389/fonc.2025.1532698"
"39367147","Artificial intelligence in commercial fracture detection products: a systematic review and meta-analysis of diagnostic test accuracy","Husarek J, Hess S, Razaeian S, Ruder TD, Sehmisch S, Müller M, Liodakis E.","Sci Rep. 2024 Oct 4;14(1):23053. doi: 10.1038/s41598-024-73058-8.","Husarek J","Sci Rep","2024","2024/10/04","PMC11452402","","10.1038/s41598-024-73058-8"
"37450501","Artificial intelligence for detecting temporomandibular joint osteoarthritis using radiographic image data: A systematic review and meta-analysis of diagnostic test accuracy","Xu L, Chen J, Qiu K, Yang F, Wu W.","PLoS One. 2023 Jul 14;18(7):e0288631. doi: 10.1371/journal.pone.0288631. eCollection 2023.","Xu L","PLoS One","2023","2023/07/14","PMC10348514","","10.1371/journal.pone.0288631"
"39205556","Diagnostic Accuracy of Artificial Intelligence Compared to Biopsy in Detecting Early Oral Squamous Cell Carcinoma: A Systematic Review and Meta Analysis","Malhotra M, Shaw AK, Priyadarshini SR, Metha SS, Sahoo PK, Gachake A.","Asian Pac J Cancer Prev. 2024 Aug 1;25(8):2593-2603. doi: 10.31557/APJCP.2024.25.8.2593.","Malhotra M","Asian Pac J Cancer Prev","2024","2024/08/29","PMC11495466","","10.31557/APJCP.2024.25.8.2593"
"40665293","Evaluation of Artificial Intelligence-based diagnosis for facial fractures, advantages compared with conventional imaging diagnosis: a systematic review and meta-analysis","Ju J, Qu Z, Qing H, Ding Y, Peng L.","BMC Musculoskelet Disord. 2025 Jul 15;26(1):682. doi: 10.1186/s12891-025-08842-2.","Ju J","BMC Musculoskelet Disord","2025","2025/07/15","PMC12261719","","10.1186/s12891-025-08842-2"
"40000328","Artificial Intelligence in CT for Predicting Cervical Lymph Node Metastasis in Papillary Thyroid Cancer Patients: A Meta-analysis","Zeng S, Liu Y, Duan X, Zhao X, Sun X, Zhang F.","Acad Radiol. 2025 May;32(5):2554-2568. doi: 10.1016/j.acra.2025.02.007. Epub 2025 Feb 24.","Zeng S","Acad Radiol","2025","2025/02/25","","","10.1016/j.acra.2025.02.007"
"38189265","Deep Learning for Pneumothorax Detection on Chest Radiograph: A Diagnostic Test Accuracy Systematic Review and Meta Analysis","Katzman BD, Alabousi M, Islam N, Zha N, Patlas MN.","Can Assoc Radiol J. 2024 Aug;75(3):525-533. doi: 10.1177/08465371231220885. Epub 2024 Jan 8.","Katzman BD","Can Assoc Radiol J","2024","2024/01/08","","","10.1177/08465371231220885"
"32347810","Use of Smartphones to Detect Diabetic Retinopathy: Scoping Review and Meta-Analysis of Diagnostic Test Accuracy Studies","Tan CH, Kyaw BM, Smith H, Tan CS, Tudor Car L.","J Med Internet Res. 2020 May 15;22(5):e16658. doi: 10.2196/16658.","Tan CH","J Med Internet Res","2020","2020/04/30","PMC7316182","","10.2196/16658"
"38901270","Diagnostic test accuracy of externally validated convolutional neural network (CNN) artificial intelligence (AI) models for emergency head CT scans - A systematic review","Mäenpää SM, Korja M.","Int J Med Inform. 2024 Sep;189:105523. doi: 10.1016/j.ijmedinf.2024.105523. Epub 2024 Jun 13.","Mäenpää SM","Int J Med Inform","2024","2024/06/20","","","10.1016/j.ijmedinf.2024.105523"
"41376499","Diagnostic performance of artificial intelligence models in predicting liver metastasis in pancreatic ductal adenocarcinoma (PDAC): a systematic review and meta-analysis","Wu Y, Xu H, Gu Z.","Int J Surg. 2025 Dec 10. doi: 10.1097/JS9.0000000000004425. Online ahead of print.","Wu Y","Int J Surg","2025","2025/12/11","","","10.1097/JS9.0000000000004425"
"39522103","Machine learning and deep learning models for preoperative detection of lymph node metastasis in colorectal cancer: a systematic review and meta-analysis","Abbaspour E, Mansoori B, Karimzadhagh S, Chalian M, Pouramini A, Sheida F, Daskareh M, Haseli S.","Abdom Radiol (NY). 2025 May;50(5):1927-1941. doi: 10.1007/s00261-024-04668-z. Epub 2024 Nov 10.","Abbaspour E","Abdom Radiol (NY)","2025","2024/11/10","","","10.1007/s00261-024-04668-z"
"39998988","The Role of Artificial Intelligence Combined With Digital Cholangioscopy for Indeterminant and Malignant Biliary Strictures: A Systematic Review and Meta-analysis","McCarty TR, Shah R, Allencherril RP, Moon N, Njei B.","J Clin Gastroenterol. 2025 Feb 19. doi: 10.1097/MCG.0000000000002148. Online ahead of print.","McCarty TR","J Clin Gastroenterol","2025","2025/02/25","","","10.1097/MCG.0000000000002148"
"36536317","Artificial intelligence for the prediction of acute kidney injury during the perioperative period: systematic review and Meta-analysis of diagnostic test accuracy","Zhang H, Wang AY, Wu S, Ngo J, Feng Y, He X, Zhang Y, Wu X, Hong D.","BMC Nephrol. 2022 Dec 19;23(1):405. doi: 10.1186/s12882-022-03025-w.","Zhang H","BMC Nephrol","2022","2022/12/19","PMC9761969","","10.1186/s12882-022-03025-w"
"37549498","Benchmarking the diagnostic test accuracy of certified AI products for screening pulmonary tuberculosis in digital chest radiographs: Preliminary evidence from a rapid review and meta-analysis","Hua D, Nguyen K, Petrina N, Young N, Cho JG, Yap A, Poon SK.","Int J Med Inform. 2023 Sep;177:105159. doi: 10.1016/j.ijmedinf.2023.105159. Epub 2023 Aug 2.","Hua D","Int J Med Inform","2023","2023/08/07","","","10.1016/j.ijmedinf.2023.105159"
"39547916","Diagnosing Bone Metastases in Breast Cancer: A Systematic Review and Network Meta-Analysis on Diagnostic Test Accuracy Studies of 2-[(18)F]FDG-PET/CT, (18)F-NaF-PET/CT, MRI, Contrast-Enhanced CT, and Bone Scintigraphy","Gerke O, Naghavi-Behzad M, Nygaard ST, Sigaroudi VR, Vogsen M, Vach W, Hildebrandt MG.","Semin Nucl Med. 2025 Jan;55(1):137-151. doi: 10.1053/j.semnuclmed.2024.10.008. Epub 2024 Nov 14.","Gerke O","Semin Nucl Med","2025","2024/11/15","","","10.1053/j.semnuclmed.2024.10.008"
"38057218","Can artificial intelligence replace endoscopists when assessing mucosal healing in ulcerative colitis? A systematic review and diagnostic test accuracy meta-analysis","Rimondi A, Gottlieb K, Despott EJ, Iacucci M, Murino A, Tontini GE.","Dig Liver Dis. 2024 Jul;56(7):1164-1172. doi: 10.1016/j.dld.2023.11.005. Epub 2023 Dec 5.","Rimondi A","Dig Liver Dis","2024","2023/12/06","","","10.1016/j.dld.2023.11.005"
"41419110","Diagnostic Accuracy of Machine Learning Algorithms in Electrocardiogram-Based Heart Failure Detection: A Systematic Review and Meta-Analysis","Kilic ME, Arayici ME, Akbilgic O, Yilmaz MB.","Can J Cardiol. 2026 Apr;42(4):824-839. doi: 10.1016/j.cjca.2025.12.022. Epub 2025 Dec 17.","Kilic ME","Can J Cardiol","2026","2025/12/19","","","10.1016/j.cjca.2025.12.022"
"37430259","Machine learning algorithms for diagnosis of hip bone osteoporosis: a systematic review and meta-analysis study","Rahim F, Zaki Zadeh A, Javanmardi P, Emmanuel Komolafe T, Khalafi M, Arjomandi A, Ghofrani HA, Shirbandi K.","Biomed Eng Online. 2023 Jul 10;22(1):68. doi: 10.1186/s12938-023-01132-9.","Rahim F","Biomed Eng Online","2023","2023/07/10","PMC10331995","","10.1186/s12938-023-01132-9"
"42167003","Preoperative prediction of hepatocellular carcinoma histological grade using MRI-based artificial intelligence models: A systematic review and meta-analysis","Yang L, Zhang Z, Dong Y, Zeng X.","Eur J Radiol. 2026 Sep;202:112939. doi: 10.1016/j.ejrad.2026.112939. Epub 2026 May 14.","Yang L","Eur J Radiol","2026","2026/05/21","","","10.1016/j.ejrad.2026.112939"
"42240646","Deep learning for clinically significant prostate cancer detection on MRI: a systematic review, HSROC meta-analysis, and direct comparison with PI-RADS-based interpretation","Gete KY, Ayele AA.","Abdom Radiol (NY). 2026 Jun 4. doi: 10.1007/s00261-026-05594-y. Online ahead of print.","Gete KY","Abdom Radiol (NY)","2026","2026/06/04","","","10.1007/s00261-026-05594-y"
"40966795","AI-driven ECG diagnostics: A game-changer for hypertrophic cardiomyopathy. A systematic review and diagnostic test accuracy meta-analysis","Łajczak P, Righetto BB, Obi O, Wijaya P, Sahin OK, Eltawansy S, Salha I, Łajczak A, Schincariol M.","Heart Lung. 2026 Jan-Feb;75:71-82. doi: 10.1016/j.hrtlng.2025.09.012. Epub 2025 Sep 17.","Łajczak P","Heart Lung","2026","2025/09/18","","","10.1016/j.hrtlng.2025.09.012"
"40889566","Performance of Artificial Intelligence Models in Predicting Responsiveness of Hepatocellular Carcinoma to Transarterial Chemoembolization (TACE): A Systematic Review and Meta-Analysis","Kiani I, Razeghian I, Valizadeh P, Esmaeilian Y, Jannatdoust P, Khosravi B.","J Am Coll Radiol. 2026 Jan;23(1):76-88. doi: 10.1016/j.jacr.2025.08.028. Epub 2025 Aug 30.","Kiani I","J Am Coll Radiol","2026","2025/09/01","PMC12681979","NIHMS2108340","10.1016/j.jacr.2025.08.028"
"41396192","Diagnostic Efficacy of Artificial Intelligence Models for Predicting Endodontic Outcome - A Systematic Review and Meta-Analysis","Gupta D, Shaw AK, Jadhav AB, Mhatre S, Mali SD, Patil AH.","Indian J Dent Res. 2025 Oct 1;36(4):465-470. doi: 10.4103/ijdr.ijdr_497_25. Epub 2025 Dec 14.","Gupta D","Indian J Dent Res","2025","2025/12/15","","","10.4103/ijdr.ijdr_497_25"
"32504495","Performance of deep neural network-based artificial intelligence method in diabetic retinopathy screening: a systematic review and meta-analysis of diagnostic test accuracy","Wang S, Zhang Y, Lei S, Zhu H, Li J, Wang Q, Yang J, Chen S, Pan H.","Eur J Endocrinol. 2020 Jun 1;183(1):41-49. doi: 10.1530/EJE-19-0968.","Wang S","Eur J Endocrinol","2020","2020/06/07","","","10.1530/EJE-19-0968"
"42341436","Artificial intelligence in endoscopic prediction of submucosal invasion in gastric neoplasms: systematic review and meta-analysis","Long D, Zeng J, Jianting Q.","Clinics (Sao Paulo). 2026 Jun 24;81:101010. doi: 10.1016/j.clinsp.2026.101010. Online ahead of print.","Long D","Clinics (Sao Paulo)","2026","2026/06/24","PMC13320262","","10.1016/j.clinsp.2026.101010"
"41531615","Diagnostic Accuracy of Artificial Intelligence for the Detection of Papilledema on Fundus Images: A Systematic Review and Meta-Analysis","Karkhur S, Singh P, Verma V, Duddumpudi RTS, Beri A, Satoiya S.","Cureus. 2025 Dec 13;17(12):e99135. doi: 10.7759/cureus.99135. eCollection 2025 Dec.","Karkhur S","Cureus","2025","2026/01/14","PMC12794944","","10.7759/cureus.99135"
"35174084","Imaging Biomarkers of Glioblastoma Treatment Response: A Systematic Review and Meta-Analysis of Recent Machine Learning Studies","Booth TC, Grzeda M, Chelliah A, Roman A, Al Busaidi A, Dragos C, Shuaib H, Luis A, Mirchandani A, Alparslan B, Mansoor N, Lavrador J, Vergani F, Ashkan K, Modat M, Ourselin S.","Front Oncol. 2022 Jan 31;12:799662. doi: 10.3389/fonc.2022.799662. eCollection 2022.","Booth TC","Front Oncol","2022","2022/02/17","PMC8842649","","10.3389/fonc.2022.799662"
"41321766","Diagnostic performance and clinical applications of artificial intelligence for intracranial bleeding detection: A meta-analysis","Alhasan MS, Azzam AY, Alhasan AS, Kalyanpur A, Alharthi OA, Khalil M, Dmytriw A, Essibayi MA, Feltrin F, Milburn J.","Brain Spine. 2025 Nov 10;5:105866. doi: 10.1016/j.bas.2025.105866. eCollection 2025.","Alhasan MS","Brain Spine","2025","2025/12/01","PMC12657341","","10.1016/j.bas.2025.105866"
"37729122","Diagnostic test accuracy of artificial intelligence in screening for referable diabetic retinopathy in real-world settings: A systematic review and meta-analysis","Uy H, Fielding C, Hohlfeld A, Ochodo E, Opare A, Mukonda E, Minnies D, Engel ME.","PLOS Glob Public Health. 2023 Sep 20;3(9):e0002160. doi: 10.1371/journal.pgph.0002160. eCollection 2023.","Uy H","PLOS Glob Public Health","2023","2023/09/20","PMC10511145","","10.1371/journal.pgph.0002160"
"40447508","CT-Based Radiomics for Predicting PD-L1 Expression in Non-small Cell Lung Cancer: A Systematic Review and Meta-analysis","Salimi M, Vadipour P, Khosravi A, Salimi B, Mabani M, Rostami P, Seifi S.","Acad Radiol. 2025 Nov;32(11):6913-6928. doi: 10.1016/j.acra.2025.05.024. Epub 2025 May 29.","Salimi M","Acad Radiol","2025","2025/05/30","","","10.1016/j.acra.2025.05.024"
"41805737","The Performance of Wearable Device-Based Artificial Intelligence in Detecting Depression: Systematic Review and Meta-Analysis","Liu J, Wang J, Wu Z, Bin Adam Assim MIS.","JMIR Ment Health. 2026 Mar 10;13:e85319. doi: 10.2196/85319.","Liu J","JMIR Ment Health","2026","2026/03/10","PMC12974932","","10.2196/85319"
"41491736","Non-Invasive Breast Cancer Receptor Typing from Mammograms Using Artificial Intelligence: A Systematic Review and Meta-Analysis","Hosseinzadeh N, Behrouzieh S, Sharifi R, Sedighi N.","J Imaging Inform Med. 2026 Jan 5. doi: 10.1007/s10278-025-01775-1. Online ahead of print.","Hosseinzadeh N","J Imaging Inform Med","2026","2026/01/06","","","10.1007/s10278-025-01775-1"
"40058989","Diagnostic Performance of Artificial Intelligence Based on Biparametric MRI for Clinically Significant Prostate Cancer: A Systematic Review and Meta-analysis","Yan G, Wang Y, Chen L.","Acad Radiol. 2025 Aug;32(8):4355-4368. doi: 10.1016/j.acra.2025.02.044. Epub 2025 Mar 8.","Yan G","Acad Radiol","2025","2025/03/09","","","10.1016/j.acra.2025.02.044"
"41667954","Accuracy of ultrasound for intussusception in pediatric emergency presentations: a systematic review and diagnostic meta-analysis","Alsabri M, Rath S, Elkarargy MA, Aboali AA, Abouelmagd K, Ramadan AAA, Gamboa LL, Yoo P, Cheng Y.","Int J Emerg Med. 2026 Feb 10;19(1):41. doi: 10.1186/s12245-026-01134-z.","Alsabri M","Int J Emerg Med","2026","2026/02/10","PMC12892616","","10.1186/s12245-026-01134-z"
"41089636","Diagnostic Accuracy of Deep Learning for Predicting Lymph Node Metastasis Based on Computed Tomography in Gastric Cancer: A Systematic Review and Meta-analysis","Majd Gharamaleki A, Majd Gharamaleki A, Amanollahi A, Tabibzadeh S.","Med J Islam Repub Iran. 2025 Aug 20;39:110. doi: 10.47176/mjiri.39.110. eCollection 2025.","Majd Gharamaleki A","Med J Islam Repub Iran","2025","2025/10/15","PMC12516434","","10.47176/mjiri.39.110"
"40607067","Diagnostic performance of deep learning models in classifying mandibular third molar and mandibular canal contact status on panoramic radiographs: A systematic review and meta-analysis","Al Salieti H, Al Sliti H, Alkadi S.","Imaging Sci Dent. 2025 Jun;55(2):139-150. doi: 10.5624/isd.20240239. Epub 2025 Apr 10.","Al Salieti H","Imaging Sci Dent","2025","2025/07/03","PMC12210121","","10.5624/isd.20240239"
"34258114","Diagnostic Performance of Artificial Intelligence-Based Models for the Detection of Early Esophageal Cancers in Barret's Esophagus: A Meta-Analysis of Patient-Based Studies","Bhatti KM, Khanzada ZS, Kuzman M, Ali SM, Iftikhar SY, Small P.","Cureus. 2021 Jun 4;13(6):e15447. doi: 10.7759/cureus.15447. eCollection 2021 Jun.","Bhatti KM","Cureus","2021","2021/07/14","PMC8255083","","10.7759/cureus.15447"
"40903323","The diagnostic performance of AI based on dental radiographs in predicting marginal bone loss around dental implants: A systematic review and meta-analysis","Li Y, Wang X, Zhu H, Ye W.","J Prosthet Dent. 2025 Dec;134(6):2190.e1-2190.e11. doi: 10.1016/j.prosdent.2025.08.021. Epub 2025 Sep 2.","Li Y","J Prosthet Dent","2025","2025/09/03","","","10.1016/j.prosdent.2025.08.021"
"41961108","Diagnostic accuracy of artificial intelligence-assisted infant hip ultrasound interpretation for developmental dysplasia of the hip: systematic review and meta-analysis","Azmi A, McArthur A, McDonald S, Hareendranathan A, Jaremko J.","Pediatr Radiol. 2026 May;56(5):1165-1173. doi: 10.1007/s00247-026-06601-6. Epub 2026 Apr 10.","Azmi A","Pediatr Radiol","2026","2026/04/10","","","10.1007/s00247-026-06601-6"
"41634741","Artificial intelligence for binary dental caries diagnosis using intraoral images and dental radiographs: a systematic review and meta-analysis","Lai J, Guo S, Wang K, Li X, Yu X, Wang X.","BMC Oral Health. 2026 Feb 3;26(1):437. doi: 10.1186/s12903-026-07770-4.","Lai J","BMC Oral Health","2026","2026/02/03","PMC12958653","","10.1186/s12903-026-07770-4"
"40601025","Diagnostic performance of artificial intelligence based on contrast-enhanced computed tomography in pancreatic ductal adenocarcinoma: a systematic review and meta-analysis","Yan G, Chen X, Wang Y.","Abdom Radiol (NY). 2026 Feb;51(2):977-990. doi: 10.1007/s00261-025-05089-2. Epub 2025 Jul 2.","Yan G","Abdom Radiol (NY)","2026","2025/07/02","","","10.1007/s00261-025-05089-2"
"42377343","Artificial intelligence demonstrates comparable diagnostic accuracy to radiologists for anterior cruciate ligament tears on MRI: A systematic review and meta-analysis","Moraes de Oliveira G, Zotter S, Tao B, Silva ABND, Mascarenhas M, B G Leite C, Almeida G, Mansur N, Medina G.","Knee Surg Sports Traumatol Arthrosc. 2026 Jun 30. doi: 10.1002/ksa.70478. Online ahead of print.","Moraes de Oliveira G","Knee Surg Sports Traumatol Arthrosc","2026","2026/06/30","","","10.1002/ksa.70478"
"42025001","Diagnostic accuracy and deployment readiness of AI for burn depth assessment across imaging modalities: a PRISMA-DTA systematic review and meta-analysis","Wang Y, Jiang Y, Zhang Y, Liu S.","Int J Med Inform. 2026 Jul 15;215:106438. doi: 10.1016/j.ijmedinf.2026.106438. Epub 2026 Apr 12.","Wang Y","Int J Med Inform","2026","2026/04/23","","","10.1016/j.ijmedinf.2026.106438"
"31818832","Use of smartphones for detecting diabetic retinopathy: a protocol for a scoping review of diagnostic test accuracy studies","Tan CH, Quah WH, Tan CSH, Smith H, Tudor Car L.","BMJ Open. 2019 Dec 8;9(12):e028811. doi: 10.1136/bmjopen-2018-028811.","Tan CH","BMJ Open","2019","2019/12/11","PMC6924876","","10.1136/bmjopen-2018-028811"
"41980513","Impact of reference standard quality on the diagnostic accuracy of AI tools for MCI: A systematic review and meta-analysis","Zhang J, Wei YL, Liu YH, Huang HL, Huang YX, Shen QQ, Gao YL.","Arch Gerontol Geriatr. 2026 Aug;147:106241. doi: 10.1016/j.archger.2026.106241. Epub 2026 Apr 8.","Zhang J","Arch Gerontol Geriatr","2026","2026/04/14","","","10.1016/j.archger.2026.106241"
"42373383","Deep Learning for Opportunistic Vertebral Fracture Detection on Routine Thoraco-abdominal Computed Tomography: A Systematic Review and Hierarchical Summary Receiver Operating Characteristic Meta-analysis of Patient-level Diagnostic Test Accuracy","Gete KY, Idris ZN, Ayele BA.","Acad Radiol. 2026 Jun 29:S1076-6332(26)00421-6. doi: 10.1016/j.acra.2026.06.007. Online ahead of print.","Gete KY","Acad Radiol","2026","2026/06/29","","","10.1016/j.acra.2026.06.007"
"42349832","Artificial intelligence in the prediction of intraoperative red blood cell transfusion in cardiac surgery: a systematic review and diagnostic test accuracy meta-analysis","Valério FG, Rodrigues AC, de Amorim DRSG, Cantarino RE, de Araujo GM, Yusuf J, Bessa LVLS, Leme MMAP, Euzebio MFC, Seixas FL, Assad AR, Dos Santos Diego LA.","Braz J Anesthesiol. 2026 Jun 25:844782. doi: 10.1016/j.bjane.2026.844782. Online ahead of print.","Valério FG","Braz J Anesthesiol","2026","2026/06/25","","","10.1016/j.bjane.2026.844782"
"42098465","Machine learning-based prediction of proximal junctional pathology after adult spinal deformity surgery: a systematic review and diagnostic test accuracy meta-analysis","Patel S, Nischal SA, Chai YH, Kale KM, Hines K, Heller J, Jallo J, Harrop JS, Prasad SK.","Acta Neurochir (Wien). 2026 May 7;168(1):148. doi: 10.1007/s00701-026-06876-6.","Patel S","Acta Neurochir (Wien)","2026","2026/05/07","PMC13319844","","10.1007/s00701-026-06876-6"
"41728323","Diagnostic Accuracy of Artificial Intelligence for Arrhythmia Detection Using the 12-Lead Electrocardiogram: A Systematic Review and Meta-Analysis","de Alencar LFT, Ximenes GF, de Andrade Norões Bezerra M, de Souza LB, Perazolo NA, Monteiro JPTB, Viana PJP, Feitosa MPM, Vieira JL, Khurshid S.","medRxiv [Preprint]. 2026 Feb 11:2026.02.06.26345251. doi: 10.64898/2026.02.06.26345251.","de Alencar LFT","medRxiv","2026","2026/02/23","PMC12919118","","10.64898/2026.02.06.26345251"
"42338822","Accuracy of Artificial Intelligence-Based Models Versus Conventional Scoring Systems (APACHE, SOFA, and SAPS) in Predicting Mortality Among ICU Patients: A Systematic Review and Meta-Analysis","Pradhan V, Shekhar H, Munda PK, Tiwari AK, Jha S, Rai P.","Cureus. 2026 May 22;18(5):e109459. doi: 10.7759/cureus.109459. eCollection 2026 May.","Pradhan V","Cureus","2026","2026/06/24","PMC13284171","","10.7759/cureus.109459"
"42414707","A Systematic Review and Meta-analysis of Two-Dimensional Breast Ultrasound Radiomics: Implications for Lesion Characterization and Diagnostic Accuracy","Al Mjed Allasasmeh OA, Al-Sarairah AH, Hurani MAO, Alkasasbeh MS, Che Isa IN.","J Imaging Inform Med. 2026 Jul 7. doi: 10.1007/s10278-026-02066-z. Online ahead of print.","Al Mjed Allasasmeh OA","J Imaging Inform Med","2026","2026/07/07","","","10.1007/s10278-026-02066-z"
"41608032","Comparative accuracy of artificial intelligence versus manual interpretation in detecting pulmonary hypertension across chest imaging modalities: a diagnostic test accuracy meta-analysis","Ahmed F, Haider F, Ali R, Arham M, Junaid Y, Dad A, Bakht K, Abbasi M, Malik BT, Mateen A, Gohar N, Ali R, Sattar Y, Ahmed M, Bakr M, Patel S, Almendral J, Alenezi F.","Front Artif Intell. 2026 Jan 13;8:1709489. doi: 10.3389/frai.2025.1709489. eCollection 2025.","Ahmed F","Front Artif Intell","2026","2026/01/29","PMC12835279","","10.3389/frai.2025.1709489"
"42394422","Radiomics-Based AI for the Diagnosis and Prognosis of Vessels Encapsulating Tumor Clusters in Hepatocellular Carcinoma: Systematic Review and Meta-Analysis","Hua X, Fu R, Yin Z.","J Med Internet Res. 2026 Jul 2;28:e90931. doi: 10.2196/90931.","Hua X","J Med Internet Res","2026","2026/07/03","PMC13328951","","10.2196/90931"
"40433621","Performance of deep learning models for automatic histopathological grading of meningiomas: a systematic review and meta-analysis","Noori Mirtaheri P, Akhbari M, Najafi F, Mehrabi H, Babapour A, Rahimian Z, Rigi A, Rahbarbaghbani S, Mobaraki H, Masoumi S, Nouri D, Mirzohreh ST, Sadat Rafiei SK, Asadi Anar M, Golkar Z, Asadollah Salmanpour Y, Vesali Mahmoud A, Gholami Chahkand MS, Khodaei M.","Front Neurol. 2025 May 13;16:1536751. doi: 10.3389/fneur.2025.1536751. eCollection 2025.","Noori Mirtaheri P","Front Neurol","2025","2025/05/28","PMC12108801","","10.3389/fneur.2025.1536751"
"42386817","Systematic review and meta-analysis of the diagnostic test accuracy of artificial intelligence in predicting intradialytic hypotension in hemodialysis patients","Hong D, Tang Y, He X, Zhang Y, Ren S, Li G, Liu Z.","Sci Rep. 2026 Jul 1. doi: 10.1038/s41598-026-52119-0. Online ahead of print.","Hong D","Sci Rep","2026","2026/07/01","","","10.1038/s41598-026-52119-0"
"41863613","Convolutional neural networks in paediatric fracture detection: pooled evidence from a systematic review and meta-analysis","Pervez A, Hasan SU, Norrish AR.","Eur Radiol. 2026 Aug;36(8):6312-6324. doi: 10.1007/s00330-026-12462-2. Epub 2026 Mar 21.","Pervez A","Eur Radiol","2026","2026/03/21","","","10.1007/s00330-026-12462-2"
"42143253","Diagnostic accuracy of AI-assisted point-of-care ultrasound for abdominal free fluid detection in FAST trauma assessment: a systematic review and meta-analysis","Çelik A, Topaloğlu E, Yazıcı MM.","BMC Emerg Med. 2026 May 16. doi: 10.1186/s12873-026-01616-6. Online ahead of print.","Çelik A","BMC Emerg Med","2026","2026/05/16","","","10.1186/s12873-026-01616-6"
"42265510","Pre-operative MRI-Based Radiomics for Predicting Telomerase Reverse Transcriptase Promoter Mutation Status in Glioma Patients: A Systematic Review and Meta-analysis","Foodeh T, Korani MA, Teymourzadeh M, Hassanpour-Fard-Khor M, Abdollahi Z, Hatami B, Payandeh A, Shojaeshafiei F, Seyed Ebrahimi SM, Fayazbakhsh F, Delshad M, Khodadadi S, Karimi S, Mortezaei A, Shahidi R.","Neurosurg Rev. 2026 Jun 10;49(1):441. doi: 10.1007/s10143-026-04362-2.","Foodeh T","Neurosurg Rev","2026","2026/06/09","","","10.1007/s10143-026-04362-2"
"41958562","Machine learning in neuroimaging for predicting H3K27M mutations in diffuse midline gliomas: a systematic review and meta-analysis","Wang H, Chang S, Wang W, Zhang M, Li Y.","Front Med (Lausanne). 2026 Mar 25;13:1746840. doi: 10.3389/fmed.2026.1746840. eCollection 2026.","Wang H","Front Med (Lausanne)","2026","2026/04/10","PMC13056679","","10.3389/fmed.2026.1746840"
